[{"model": "contenttypes.contenttype", "pk": 1, "fields": {"app_label": "admin", "model": "logentry"}}, {"model": "contenttypes.contenttype", "pk": 2, "fields": {"app_label": "auth", "model": "permission"}}, {"model": "contenttypes.contenttype", "pk": 3, "fields": {"app_label": "auth", "model": "group"}}, {"model": "contenttypes.contenttype", "pk": 4, "fields": {"app_label": "auth", "model": "user"}}, {"model": "contenttypes.contenttype", "pk": 5, "fields": {"app_label": "contenttypes", "model": "contenttype"}}, {"model": "contenttypes.contenttype", "pk": 6, "fields": {"app_label": "sessions", "model": "session"}}, {"model": "contenttypes.contenttype", "pk": 7, "fields": {"app_label": "core", "model": "beveragecategory"}}, {"model": "contenttypes.contenttype", "pk": 8, "fields": {"app_label": "core", "model": "ingredient"}}, {"model": "contenttypes.contenttype", "pk": 9, "fields": {"app_label": "core", "model": "meal"}}, {"model": "contenttypes.contenttype", "pk": 10, "fields": {"app_label": "core", "model": "mealcategory"}}, {"model": "contenttypes.contenttype", "pk": 11, "fields": {"app_label": "core", "model": "special"}}, {"model": "contenttypes.contenttype", "pk": 12, "fields": {"app_label": "core", "model": "side"}}, {"model": "contenttypes.contenttype", "pk": 13, "fields": {"app_label": "core", "model": "beverage"}}, {"model": "sessions.session", "pk": "asbyfa50o24pp7snb2y816bwrmkdytzj", "fields": {"session_data": "MzVmMWQ4ZTJmZDgwMmY0YmI5OGUzNjhhNTNjMWRiZGIzZDA5YzY0Yzp7Il9hdXRoX3VzZXJfaWQiOiIxIiwiX2F1dGhfdXNlcl9iYWNrZW5kIjoiZGphbmdvLmNvbnRyaWIuYXV0aC5iYWNrZW5kcy5Nb2RlbEJhY2tlbmQiLCJfYXV0aF91c2VyX2hhc2giOiIxMmY3NmI3ZmVhZDdkMTNhMzc0NzZiYThjMDlhZGMxNGMwN2NjOGE2In0=", "expire_date": "2020-07-14T23:57:43.815Z"}}, {"model": "core.ingredient", "pk": 1, "fields": {"name": "Pasta"}}, {"model": "core.ingredient", "pk": 2, "fields": {"name": "Tomato"}}, {"model": "core.ingredient", "pk": 3, "fields": {"name": "Eggs"}}, {"model": "core.ingredient", "pk": 4, "fields": {"name": "Bacon"}}, {"model": "core.ingredient", "pk": 5, "fields": {"name": "Cabbage"}}, {"model": "core.ingredient", "pk": 6, "fields": {"name": "Spinach"}}, {"model": "core.ingredient", "pk": 7, "fields": {"name": "Farmers Cheese"}}, {"model": "core.ingredient", "pk": 8, "fields": {"name": "Fish"}}, {"model": "core.ingredient", "pk": 9, "fields": {"name": "French Fries"}}, {"model": "core.ingredient", "pk": 10, "fields": {"name": "Pork"}}, {"model": "core.ingredient", "pk": 11, "fields": {"name": "Chicken"}}, {"model": "core.ingredient", "pk": 12, "fields": {"name": "Bacon"}}, {"model": "core.side", "pk": 1, "fields": {"name": "Soup", "meal_category": 1}}, {"model": "core.side", "pk": 2, "fields": {"name": "Cose Slaw", "meal_category": 1}}, {"model": "core.side", "pk": 3, "fields": {"name": "Salad", "meal_category": 1}}, {"model": "core.side", "pk": 4, "fields": {"name": "Fries", "meal_category": 2}}, {"model": "core.side", "pk": 5, "fields": {"name": "Toast", "meal_category": 2}}, {"model": "core.side", "pk": 6, "fields": {"name": "Bagel", "meal_category": 2}}, {"model": "core.side", "pk": 7, "fields": {"name": "Saurkraut", "meal_category": 4}}, {"model": "core.side", "pk": 8, "fields": {"name": "Potato", "meal_category": 6}}, {"model": "core.side", "pk": 9, "fields": {"name": "Vegetable", "meal_category": 6}}, {"model": "core.side", "pk": 10, "fields": {"name": "Tossed Salad", "meal_category": 6}}, {"model": "core.side", "pk": 11, "fields": {"name": "Whip Cream", "meal_category": 3}}, {"model": "core.mealcategory", "pk": 1, "fields": {"name": "Lunch"}}, {"model": "core.mealcategory", "pk": 2, "fields": {"name": "Breakfast"}}, {"model": "core.mealcategory", "pk": 3, "fields": {"name": "Kids Menu"}}, {"model": "core.mealcategory", "pk": 4, "fields": {"name": "Dinner"}}, {"model": "core.mealcategory", "pk": 5, "fields": {"name": "Specials"}}, {"model": "core.mealcategory", "pk": 6, "fields": {"name": "Catering"}}, {"model": "core.mealcategory", "pk": 7, "fields": {"name": "Additional_Catering"}}, {"model": "core.meal", "pk": 1, "fields": {"name": "Bow Tie Boloneze", "price": 11.54, "meal_category": 5, "ingredients": [1, 2]}}, {"model": "core.meal", "pk": 2, "fields": {"name": "Omlette", "price": 5.55, "meal_category": 2, "ingredients": [3, 4]}}, {"model": "core.meal", "pk": 3, "fields": {"name": "Troy Special", "price": 10.95, "meal_category": 5, "ingredients": [3, 4, 5]}}, {"model": "core.meal", "pk": 4, "fields": {"name": "Farmers Omllete", "price": 7.25, "meal_category": 2, "ingredients": [3, 6, 7]}}, {"model": "core.meal", "pk": 5, "fields": {"name": "Fish and Chips", "price": 5.55, "meal_category": 3, "ingredients": [8, 9]}}, {"model": "core.meal", "pk": 6, "fields": {"name": "BBQ Ribs", "price": 11.11, "meal_category": 5, "ingredients": [9, 10]}}, {"model": "core.meal", "pk": 7, "fields": {"name": "Grilled Chicken", "price": 9.95, "meal_category": 4, "ingredients": [1, 3, 4, 11]}}, {"model": "core.meal", "pk": 8, "fields": {"name": "Beans", "price": 0.0, "meal_category": 6, "ingredients": [1, 2]}}, {"model": "core.meal", "pk": 9, "fields": {"name": "MeatBalls", "price": 0.0, "meal_category": 6, "ingredients": []}}, {"model": "core.meal", "pk": 10, "fields": {"name": "Lasagna 1 Meat", "price": 11.95, "meal_category": 7, "ingredients": []}}, {"model": "core.meal", "pk": 11, "fields": {"name": "Fettuccine Alfredo 1 Meat", "price": 11.95, "meal_category": 7, "ingredients": []}}, {"model": "core.meal", "pk": 12, "fields": {"name": "Chicken Tenders", "price": 7.75, "meal_category": 1, "ingredients": [9, 11]}}, {"model": "core.meal", "pk": 13, "fields": {"name": "Turkey Dinner", "price": 12.55, "meal_category": 1, "ingredients": []}}, {"model": "core.special", "pk": 1, "fields": {"meal": 1, "is_today_special": false}}, {"model": "core.special", "pk": 2, "fields": {"meal": 2, "is_today_special": false}}, {"model": "core.special", "pk": 3, "fields": {"meal": 5, "is_today_special": true}}, {"model": "core.special", "pk": 4, "fields": {"meal": 6, "is_today_special": false}}, {"model": "core.special", "pk": 5, "fields": {"meal": 7, "is_today_special": true}}, {"model": "core.beveragecategory", "pk": 1, "fields": {"name": "Other", "price": -1.0}}, {"model": "core.beveragecategory", "pk": 2, "fields": {"name": "Soft Drinks", "price": 2.25}}, {"model": "core.beveragecategory", "pk": 3, "fields": {"name": "Juices", "price": 2.5}}, {"model": "core.beverage", "pk": 1, "fields": {"beverage_category": 1, "name": "Coffee", "price": 2.0}}, {"model": "core.beverage", "pk": 2, "fields": {"beverage_category": 1, "name": "Tea", "price": 1.75}}, {"model": "core.beverage", "pk": 3, "fields": {"beverage_category": 2, "name": "Pepsi", "price": -1.0}}, {"model": "auth.permission", "pk": 1, "fields": {"name": "Can add log entry", "content_type": 1, "codename": "add_logentry"}}, {"model": "auth.permission", "pk": 2, "fields": {"name": "Can change log entry", "content_type": 1, "codename": "change_logentry"}}, {"model": "auth.permission", "pk": 3, "fields": {"name": "Can delete log entry", "content_type": 1, "codename": "delete_logentry"}}, {"model": "auth.permission", "pk": 4, "fields": {"name": "Can view log entry", "content_type": 1, "codename": "view_logentry"}}, {"model": "auth.permission", "pk": 5, "fields": {"name": "Can add permission", "content_type": 2, "codename": "add_permission"}}, {"model": "auth.permission", "pk": 6, "fields": {"name": "Can change permission", "content_type": 2, "codename": "change_permission"}}, {"model": "auth.permission", "pk": 7, "fields": {"name": "Can delete permission", "content_type": 2, "codename": "delete_permission"}}, {"model": "auth.permission", "pk": 8, "fields": {"name": "Can view permission", "content_type": 2, "codename": "view_permission"}}, {"model": "auth.permission", "pk": 9, "fields": {"name": "Can add group", "content_type": 3, "codename": "add_group"}}, {"model": "auth.permission", "pk": 10, "fields": {"name": "Can change group", "content_type": 3, "codename": "change_group"}}, {"model": "auth.permission", "pk": 11, "fields": {"name": "Can delete group", "content_type": 3, "codename": "delete_group"}}, {"model": "auth.permission", "pk": 12, "fields": {"name": "Can view group", "content_type": 3, "codename": "view_group"}}, {"model": "auth.permission", "pk": 13, "fields": {"name": "Can add user", "content_type": 4, "codename": "add_user"}}, {"model": "auth.permission", "pk": 14, "fields": {"name": "Can change user", "content_type": 4, "codename": "change_user"}}, {"model": "auth.permission", "pk": 15, "fields": {"name": "Can delete user", "content_type": 4, "codename": "delete_user"}}, {"model": "auth.permission", "pk": 16, "fields": {"name": "Can view user", "content_type": 4, "codename": "view_user"}}, {"model": "auth.permission", "pk": 17, "fields": {"name": "Can add content type", "content_type": 5, "codename": "add_contenttype"}}, {"model": "auth.permission", "pk": 18, "fields": {"name": "Can change content type", "content_type": 5, "codename": "change_contenttype"}}, {"model": "auth.permission", "pk": 19, "fields": {"name": "Can delete content type", "content_type": 5, "codename": "delete_contenttype"}}, {"model": "auth.permission", "pk": 20, "fields": {"name": "Can view content type", "content_type": 5, "codename": "view_contenttype"}}, {"model": "auth.permission", "pk": 21, "fields": {"name": "Can add session", "content_type": 6, "codename": "add_session"}}, {"model": "auth.permission", "pk": 22, "fields": {"name": "Can change session", "content_type": 6, "codename": "change_session"}}, {"model": "auth.permission", "pk": 23, "fields": {"name": "Can delete session", "content_type": 6, "codename": "delete_session"}}, {"model": "auth.permission", "pk": 24, "fields": {"name": "Can view session", "content_type": 6, "codename": "view_session"}}, {"model": "auth.permission", "pk": 25, "fields": {"name": "Can add beverage category", "content_type": 7, "codename": "add_beveragecategory"}}, {"model": "auth.permission", "pk": 26, "fields": {"name": "Can change beverage category", "content_type": 7, "codename": "change_beveragecategory"}}, {"model": "auth.permission", "pk": 27, "fields": {"name": "Can delete beverage category", "content_type": 7, "codename": "delete_beveragecategory"}}, {"model": "auth.permission", "pk": 28, "fields": {"name": "Can view beverage category", "content_type": 7, "codename": "view_beveragecategory"}}, {"model": "auth.permission", "pk": 29, "fields": {"name": "Can add ingredient", "content_type": 8, "codename": "add_ingredient"}}, {"model": "auth.permission", "pk": 30, "fields": {"name": "Can change ingredient", "content_type": 8, "codename": "change_ingredient"}}, {"model": "auth.permission", "pk": 31, "fields": {"name": "Can delete ingredient", "content_type": 8, "codename": "delete_ingredient"}}, {"model": "auth.permission", "pk": 32, "fields": {"name": "Can view ingredient", "content_type": 8, "codename": "view_ingredient"}}, {"model": "auth.permission", "pk": 33, "fields": {"name": "Can add meal", "content_type": 9, "codename": "add_meal"}}, {"model": "auth.permission", "pk": 34, "fields": {"name": "Can change meal", "content_type": 9, "codename": "change_meal"}}, {"model": "auth.permission", "pk": 35, "fields": {"name": "Can delete meal", "content_type": 9, "codename": "delete_meal"}}, {"model": "auth.permission", "pk": 36, "fields": {"name": "Can view meal", "content_type": 9, "codename": "view_meal"}}, {"model": "auth.permission", "pk": 37, "fields": {"name": "Can add meal category", "content_type": 10, "codename": "add_mealcategory"}}, {"model": "auth.permission", "pk": 38, "fields": {"name": "Can change meal category", "content_type": 10, "codename": "change_mealcategory"}}, {"model": "auth.permission", "pk": 39, "fields": {"name": "Can delete meal category", "content_type": 10, "codename": "delete_mealcategory"}}, {"model": "auth.permission", "pk": 40, "fields": {"name": "Can view meal category", "content_type": 10, "codename": "view_mealcategory"}}, {"model": "auth.permission", "pk": 41, "fields": {"name": "Can add special", "content_type": 11, "codename": "add_special"}}, {"model": "auth.permission", "pk": 42, "fields": {"name": "Can change special", "content_type": 11, "codename": "change_special"}}, {"model": "auth.permission", "pk": 43, "fields": {"name": "Can delete special", "content_type": 11, "codename": "delete_special"}}, {"model": "auth.permission", "pk": 44, "fields": {"name": "Can view special", "content_type": 11, "codename": "view_special"}}, {"model": "auth.permission", "pk": 45, "fields": {"name": "Can add side", "content_type": 12, "codename": "add_side"}}, {"model": "auth.permission", "pk": 46, "fields": {"name": "Can change side", "content_type": 12, "codename": "change_side"}}, {"model": "auth.permission", "pk": 47, "fields": {"name": "Can delete side", "content_type": 12, "codename": "delete_side"}}, {"model": "auth.permission", "pk": 48, "fields": {"name": "Can view side", "content_type": 12, "codename": "view_side"}}, {"model": "auth.permission", "pk": 49, "fields": {"name": "Can add beverage", "content_type": 13, "codename": "add_beverage"}}, {"model": "auth.permission", "pk": 50, "fields": {"name": "Can change beverage", "content_type": 13, "codename": "change_beverage"}}, {"model": "auth.permission", "pk": 51, "fields": {"name": "Can delete beverage", "content_type": 13, "codename": "delete_beverage"}}, {"model": "auth.permission", "pk": 52, "fields": {"name": "Can view beverage", "content_type": 13, "codename": "view_beverage"}}, {"model": "auth.user", "pk": 1, "fields": {"password": "pbkdf2_sha256$180000$lagiMujgvGTf$WcvVQViQ6ISLP2Shbf98ux3kfJ0bOG27Bj8vNTifHfo=", "last_login": "2020-06-30T23:57:43.706Z", "is_superuser": true, "username": "filip", "first_name": "", "last_name": "", "email": "", "is_staff": true, "is_active": true, "date_joined": "2020-06-30T23:57:32.609Z", "groups": [], "user_permissions": []}}, {"model": "admin.logentry", "pk": 1, "fields": {"action_time": "2020-06-30T23:57:52.674Z", "user": 1, "content_type": 10, "object_id": "1", "object_repr": "Lunch", "action_flag": 1, "change_message": "[{\"added\": {}}]"}}, {"model": "admin.logentry", "pk": 2, "fields": {"action_time": "2020-06-30T23:57:58.392Z", "user": 1, "content_type": 10, "object_id": "2", "object_repr": "Breakfast", "action_flag": 1, "change_message": "[{\"added\": {}}]"}}, {"model": "admin.logentry", "pk": 3, "fields": {"action_time": "2020-06-30T23:58:04.230Z", "user": 1, "content_type": 10, "object_id": "3", "object_repr": "Kids Menu", "action_flag": 1, "change_message": "[{\"added\": {}}]"}}, {"model": "admin.logentry", "pk": 4, "fields": {"action_time": "2020-06-30T23:58:22.531Z", "user": 1, "content_type": 12, "object_id": "1", "object_repr": "Soup", "action_flag": 1, "change_message": "[{\"added\": {}}]"}}, {"model": "admin.logentry", "pk": 5, "fields": {"action_time": "2020-06-30T23:58:34.794Z", "user": 1, "content_type": 12, "object_id": "2", "object_repr": "Cose Slaw", "action_flag": 1, "change_message": "[{\"added\": {}}]"}}, {"model": "admin.logentry", "pk": 6, "fields": {"action_time": "2020-06-30T23:58:41.814Z", "user": 1, "content_type": 12, "object_id": "3", "object_repr": "Salad", "action_flag": 1, "change_message": "[{\"added\": {}}]"}}, {"model": "admin.logentry", "pk": 7, "fields": {"action_time": "2020-06-30T23:59:11.642Z", "user": 1, "content_type": 8, "object_id": "1", "object_repr": "Pasta", "action_flag": 1, "change_message": "[{\"added\": {}}]"}}, {"model": "admin.logentry", "pk": 8, "fields": {"action_time": "2020-06-30T23:59:14.786Z", "user": 1, "content_type": 8, "object_id": "2", "object_repr": "Tomato", "action_flag": 1, "change_message": "[{\"added\": {}}]"}}, {"model": "admin.logentry", "pk": 9, "fields": {"action_time": "2020-06-30T23:59:18.352Z", "user": 1, "content_type": 9, "object_id": "1", "object_repr": "Bow Tie Boloneze (Lunch) - $11.54", "action_flag": 1, "change_message": "[{\"added\": {}}]"}}, {"model": "admin.logentry", "pk": 10, "fields": {"action_time": "2020-06-30T23:59:28.380Z", "user": 1, "content_type": 11, "object_id": "1", "object_repr": "Bow Tie Boloneze is Today's special!", "action_flag": 1, "change_message": "[{\"added\": {}}]"}}, {"model": "admin.logentry", "pk": 11, "fields": {"action_time": "2020-07-01T00:05:20.949Z", "user": 1, "content_type": 12, "object_id": "4", "object_repr": "Fries", "action_flag": 1, "change_message": "[{\"added\": {}}]"}}, {"model": "admin.logentry", "pk": 12, "fields": {"action_time": "2020-07-01T00:27:29.817Z", "user": 1, "content_type": 8, "object_id": "3", "object_repr": "Eggs", "action_flag": 1, "change_message": "[{\"added\": {}}]"}}, {"model": "admin.logentry", "pk": 13, "fields": {"action_time": "2020-07-01T00:27:33.861Z", "user": 1, "content_type": 8, "object_id": "4", "object_repr": "Bacon", "action_flag": 1, "change_message": "[{\"added\": {}}]"}}, {"model": "admin.logentry", "pk": 14, "fields": {"action_time": "2020-07-01T00:27:37.313Z", "user": 1, "content_type": 9, "object_id": "2", "object_repr": "Omlette (Breakfast) - $5.55", "action_flag": 1, "change_message": "[{\"added\": {}}]"}}, {"model": "admin.logentry", "pk": 15, "fields": {"action_time": "2020-07-01T00:28:07.472Z", "user": 1, "content_type": 8, "object_id": "5", "object_repr": "Cabbage", "action_flag": 1, "change_message": "[{\"added\": {}}]"}}, {"model": "admin.logentry", "pk": 16, "fields": {"action_time": "2020-07-01T00:28:11.573Z", "user": 1, "content_type": 9, "object_id": "3", "object_repr": "Troy Special (Breakfast) - $10.95", "action_flag": 1, "change_message": "[{\"added\": {}}]"}}, {"model": "admin.logentry", "pk": 17, "fields": {"action_time": "2020-07-01T00:33:12.705Z", "user": 1, "content_type": 12, "object_id": "5", "object_repr": "Toast", "action_flag": 1, "change_message": "[{\"added\": {}}]"}}, {"model": "admin.logentry", "pk": 18, "fields": {"action_time": "2020-07-01T00:33:19.426Z", "user": 1, "content_type": 12, "object_id": "6", "object_repr": "Bagel", "action_flag": 1, "change_message": "[{\"added\": {}}]"}}, {"model": "admin.logentry", "pk": 19, "fields": {"action_time": "2020-07-01T00:33:51.901Z", "user": 1, "content_type": 8, "object_id": "6", "object_repr": "Spinach", "action_flag": 1, "change_message": "[{\"added\": {}}]"}}, {"model": "admin.logentry", "pk": 20, "fields": {"action_time": "2020-07-01T00:33:56.963Z", "user": 1, "content_type": 8, "object_id": "7", "object_repr": "Farmers Cheese", "action_flag": 1, "change_message": "[{\"added\": {}}]"}}, {"model": "admin.logentry", "pk": 21, "fields": {"action_time": "2020-07-01T00:34:00.143Z", "user": 1, "content_type": 9, "object_id": "4", "object_repr": "Farmers Omllete (Breakfast) - $7.25", "action_flag": 1, "change_message": "[{\"added\": {}}]"}}, {"model": "admin.logentry", "pk": 22, "fields": {"action_time": "2020-07-01T00:34:13.061Z", "user": 1, "content_type": 8, "object_id": "8", "object_repr": "Fish", "action_flag": 1, "change_message": "[{\"added\": {}}]"}}, {"model": "admin.logentry", "pk": 23, "fields": {"action_time": "2020-07-01T00:34:19.716Z", "user": 1, "content_type": 8, "object_id": "9", "object_repr": "French Fries", "action_flag": 1, "change_message": "[{\"added\": {}}]"}}, {"model": "admin.logentry", "pk": 24, "fields": {"action_time": "2020-07-01T00:34:28.937Z", "user": 1, "content_type": 9, "object_id": "5", "object_repr": "Fish and Chips (Kids Menu) - $5.55", "action_flag": 1, "change_message": "[{\"added\": {}}]"}}, {"model": "admin.logentry", "pk": 25, "fields": {"action_time": "2020-07-01T00:34:36.784Z", "user": 1, "content_type": 11, "object_id": "2", "object_repr": "Omlette is Today's special!", "action_flag": 1, "change_message": "[{\"added\": {}}]"}}, {"model": "admin.logentry", "pk": 26, "fields": {"action_time": "2020-07-01T00:34:42.463Z", "user": 1, "content_type": 11, "object_id": "3", "object_repr": "Fish and Chips is Today's special!", "action_flag": 1, "change_message": "[{\"added\": {}}]"}}, {"model": "admin.logentry", "pk": 27, "fields": {"action_time": "2020-07-01T00:36:14.014Z", "user": 1, "content_type": 11, "object_id": "3", "object_repr": "Fish and Chips", "action_flag": 2, "change_message": "[{\"changed\": {\"fields\": [\"Is today special\"]}}]"}}, {"model": "admin.logentry", "pk": 28, "fields": {"action_time": "2020-07-01T00:36:19.709Z", "user": 1, "content_type": 11, "object_id": "2", "object_repr": "Omlette", "action_flag": 2, "change_message": "[{\"changed\": {\"fields\": [\"Is today special\"]}}]"}}, {"model": "admin.logentry", "pk": 29, "fields": {"action_time": "2020-07-01T00:42:15.344Z", "user": 1, "content_type": 8, "object_id": "10", "object_repr": "Pork", "action_flag": 1, "change_message": "[{\"added\": {}}]"}}, {"model": "admin.logentry", "pk": 30, "fields": {"action_time": "2020-07-01T00:42:20.432Z", "user": 1, "content_type": 9, "object_id": "6", "object_repr": "BBQ Ribs (Lunch) - $11.11", "action_flag": 1, "change_message": "[{\"added\": {}}]"}}, {"model": "admin.logentry", "pk": 31, "fields": {"action_time": "2020-07-01T00:42:42.421Z", "user": 1, "content_type": 11, "object_id": "4", "object_repr": "BBQ Ribs is Today's special!", "action_flag": 1, "change_message": "[{\"added\": {}}]"}}, {"model": "admin.logentry", "pk": 32, "fields": {"action_time": "2020-07-01T00:52:30.682Z", "user": 1, "content_type": 7, "object_id": "1", "object_repr": "NotCategorized - $", "action_flag": 1, "change_message": "[{\"added\": {}}]"}}, {"model": "admin.logentry", "pk": 33, "fields": {"action_time": "2020-07-01T00:52:36.602Z", "user": 1, "content_type": 7, "object_id": "2", "object_repr": "Soft Drinks - $", "action_flag": 1, "change_message": "[{\"added\": {}}]"}}, {"model": "admin.logentry", "pk": 34, "fields": {"action_time": "2020-07-01T00:52:41.386Z", "user": 1, "content_type": 7, "object_id": "2", "object_repr": "Soft Drinks - $2.25", "action_flag": 2, "change_message": "[{\"changed\": {\"fields\": [\"Price\"]}}]"}}, {"model": "admin.logentry", "pk": 35, "fields": {"action_time": "2020-07-01T00:53:02.203Z", "user": 1, "content_type": 13, "object_id": "1", "object_repr": "Coffee (NotCategorized) - $2.00", "action_flag": 1, "change_message": "[{\"added\": {}}]"}}, {"model": "admin.logentry", "pk": 36, "fields": {"action_time": "2020-07-01T00:53:13.777Z", "user": 1, "content_type": 13, "object_id": "2", "object_repr": "Tea (NotCategorized) - $1.75", "action_flag": 1, "change_message": "[{\"added\": {}}]"}}, {"model": "admin.logentry", "pk": 37, "fields": {"action_time": "2020-07-01T00:53:24.489Z", "user": 1, "content_type": 13, "object_id": "3", "object_repr": "Pepsi (Soft Drinks) - $", "action_flag": 1, "change_message": "[{\"added\": {}}]"}}, {"model": "admin.logentry", "pk": 38, "fields": {"action_time": "2020-07-01T01:11:45.566Z", "user": 1, "content_type": 7, "object_id": "3", "object_repr": "Juices - $2.50", "action_flag": 1, "change_message": "[{\"added\": {}}]"}}, {"model": "admin.logentry", "pk": 39, "fields": {"action_time": "2020-07-01T01:51:41.249Z", "user": 1, "content_type": 11, "object_id": "3", "object_repr": "Fish and Chips is Today's special!", "action_flag": 2, "change_message": "[{\"changed\": {\"fields\": [\"Is today special\"]}}]"}}, {"model": "admin.logentry", "pk": 40, "fields": {"action_time": "2020-07-01T14:47:57.872Z", "user": 1, "content_type": 7, "object_id": "1", "object_repr": "Other - $", "action_flag": 2, "change_message": "[{\"changed\": {\"fields\": [\"Name\"]}}]"}}, {"model": "admin.logentry", "pk": 41, "fields": {"action_time": "2020-07-02T20:18:01.502Z", "user": 1, "content_type": 10, "object_id": "4", "object_repr": "Dinner", "action_flag": 1, "change_message": "[{\"added\": {}}]"}}, {"model": "admin.logentry", "pk": 42, "fields": {"action_time": "2020-07-02T20:18:51.812Z", "user": 1, "content_type": 12, "object_id": "7", "object_repr": "Saurkraut", "action_flag": 1, "change_message": "[{\"added\": {}}]"}}, {"model": "admin.logentry", "pk": 43, "fields": {"action_time": "2020-07-02T20:20:08.560Z", "user": 1, "content_type": 8, "object_id": "11", "object_repr": "Chicken", "action_flag": 1, "change_message": "[{\"added\": {}}]"}}, {"model": "admin.logentry", "pk": 44, "fields": {"action_time": "2020-07-02T20:20:20.548Z", "user": 1, "content_type": 9, "object_id": "7", "object_repr": "Grilled Chicken (Dinner) - $9.95", "action_flag": 1, "change_message": "[{\"added\": {}}]"}}, {"model": "admin.logentry", "pk": 45, "fields": {"action_time": "2020-07-02T20:20:47.937Z", "user": 1, "content_type": 8, "object_id": "12", "object_repr": "Bacon", "action_flag": 1, "change_message": "[{\"added\": {}}]"}}, {"model": "admin.logentry", "pk": 46, "fields": {"action_time": "2020-07-02T20:22:11.248Z", "user": 1, "content_type": 11, "object_id": "5", "object_repr": "Grilled Chicken", "action_flag": 1, "change_message": "[{\"added\": {}}]"}}, {"model": "admin.logentry", "pk": 47, "fields": {"action_time": "2020-07-02T20:22:19.506Z", "user": 1, "content_type": 11, "object_id": "5", "object_repr": "Grilled Chicken is Today's special!", "action_flag": 2, "change_message": "[{\"changed\": {\"fields\": [\"Is today special\"]}}]"}}, {"model": "admin.logentry", "pk": 48, "fields": {"action_time": "2020-07-02T20:22:38.014Z", "user": 1, "content_type": 11, "object_id": "1", "object_repr": "Bow Tie Boloneze", "action_flag": 2, "change_message": "[{\"changed\": {\"fields\": [\"Is today special\"]}}]"}}, {"model": "admin.logentry", "pk": 49, "fields": {"action_time": "2020-07-02T21:34:59.112Z", "user": 1, "content_type": 10, "object_id": "5", "object_repr": "Specials", "action_flag": 1, "change_message": "[{\"added\": {}}]"}}, {"model": "admin.logentry", "pk": 50, "fields": {"action_time": "2020-07-02T21:41:18.737Z", "user": 1, "content_type": 9, "object_id": "6", "object_repr": "BBQ Ribs (Specials) - $11.11", "action_flag": 2, "change_message": "[{\"changed\": {\"fields\": [\"Meal category\"]}}]"}}, {"model": "admin.logentry", "pk": 51, "fields": {"action_time": "2020-07-02T21:41:25.567Z", "user": 1, "content_type": 9, "object_id": "1", "object_repr": "Bow Tie Boloneze (Specials) - $11.54", "action_flag": 2, "change_message": "[{\"changed\": {\"fields\": [\"Meal category\"]}}]"}}, {"model": "admin.logentry", "pk": 52, "fields": {"action_time": "2020-07-02T21:41:33.715Z", "user": 1, "content_type": 9, "object_id": "3", "object_repr": "Troy Special (Specials) - $10.95", "action_flag": 2, "change_message": "[{\"changed\": {\"fields\": [\"Meal category\"]}}]"}}, {"model": "admin.logentry", "pk": 53, "fields": {"action_time": "2020-07-02T21:42:27.699Z", "user": 1, "content_type": 11, "object_id": "4", "object_repr": "BBQ Ribs", "action_flag": 2, "change_message": "[{\"changed\": {\"fields\": [\"Is today special\"]}}]"}}, {"model": "admin.logentry", "pk": 54, "fields": {"action_time": "2020-07-02T22:12:36.629Z", "user": 1, "content_type": 10, "object_id": "6", "object_repr": "Catering", "action_flag": 1, "change_message": "[{\"added\": {}}]"}}, {"model": "admin.logentry", "pk": 55, "fields": {"action_time": "2020-07-02T22:15:17.810Z", "user": 1, "content_type": 9, "object_id": "8", "object_repr": "Beans (Catering) - $0.00", "action_flag": 1, "change_message": "[{\"added\": {}}]"}}, {"model": "admin.logentry", "pk": 56, "fields": {"action_time": "2020-07-02T22:15:38.787Z", "user": 1, "content_type": 9, "object_id": "9", "object_repr": "MeatBalls (Catering) - $0.00", "action_flag": 1, "change_message": "[{\"added\": {}}]"}}, {"model": "admin.logentry", "pk": 57, "fields": {"action_time": "2020-07-02T22:35:42.867Z", "user": 1, "content_type": 12, "object_id": "8", "object_repr": "Potato", "action_flag": 1, "change_message": "[{\"added\": {}}]"}}, {"model": "admin.logentry", "pk": 58, "fields": {"action_time": "2020-07-02T22:36:02.037Z", "user": 1, "content_type": 12, "object_id": "9", "object_repr": "Vegetable", "action_flag": 1, "change_message": "[{\"added\": {}}]"}}, {"model": "admin.logentry", "pk": 59, "fields": {"action_time": "2020-07-02T22:36:17.604Z", "user": 1, "content_type": 12, "object_id": "10", "object_repr": "Tossed Salad", "action_flag": 1, "change_message": "[{\"added\": {}}]"}}, {"model": "admin.logentry", "pk": 60, "fields": {"action_time": "2020-07-02T22:41:17.265Z", "user": 1, "content_type": 10, "object_id": "7", "object_repr": "Additional_Catering", "action_flag": 1, "change_message": "[{\"added\": {}}]"}}, {"model": "admin.logentry", "pk": 61, "fields": {"action_time": "2020-07-02T22:43:09.034Z", "user": 1, "content_type": 9, "object_id": "10", "object_repr": "Lasagna 1 Meat (Additional_Catering) - $11.95", "action_flag": 1, "change_message": "[{\"added\": {}}]"}}, {"model": "admin.logentry", "pk": 62, "fields": {"action_time": "2020-07-02T22:43:35.097Z", "user": 1, "content_type": 9, "object_id": "11", "object_repr": "Fettuccine Alfredo 1 Meat (Additional_Catering) - $11.95", "action_flag": 1, "change_message": "[{\"added\": {}}]"}}, {"model": "admin.logentry", "pk": 63, "fields": {"action_time": "2020-07-03T21:01:46.884Z", "user": 1, "content_type": 9, "object_id": "12", "object_repr": "Chicken Tenders (Lunch) - $7.75", "action_flag": 1, "change_message": "[{\"added\": {}}]"}}, {"model": "admin.logentry", "pk": 64, "fields": {"action_time": "2020-07-03T21:02:30.925Z", "user": 1, "content_type": 9, "object_id": "13", "object_repr": "Turkey Dinner (Lunch) - $12.55", "action_flag": 1, "change_message": "[{\"added\": {}}]"}}, {"model": "admin.logentry", "pk": 65, "fields": {"action_time": "2020-07-03T21:03:33.870Z", "user": 1, "content_type": 12, "object_id": "11", "object_repr": "Whip Cream", "action_flag": 1, "change_message": "[{\"added\": {}}]"}}]